{"_type":"export","__export_format":4,"__export_date":"2024-06-20T02:35:23.648Z","__export_source":"insomnia.desktop.app:v9.2.0","resources":[{"_id":"req_e5ebb0757cde424faafffa49af4979d6","parentId":"fld_81c49758179645dfb723867a0ce32016","modified":1717805775785,"created":1717800994080,"url":"http://localhost:3333/produto/:id","name":"Deletar produto","description":"","method":"DELETE","body":{},"preRequestScript":"","parameters":[],"headers":[{"name":"User-Agent","value":"insomnia/9.2.0"}],"authentication":{},"metaSortKey":-1717805760973,"isPrivate":false,"pathParameters":[{"name":"id","value":""}],"settingStoreCookies":true,"settingSendCookies":true,"settingDisableRenderRequestBody":false,"settingEncodeUrl":true,"settingRebuildPath":true,"settingFollowRedirects":"global","_type":"request"},{"_id":"fld_81c49758179645dfb723867a0ce32016","parentId":"wrk_7b6a06fb538945018484c7a34eba5d89","modified":1717805755284,"created":1717805755284,"name":"Produto","description":"","environment":{},"environmentPropertyOrder":null,"metaSortKey":-1717805755284,"_type":"request_group"},{"_id":"wrk_7b6a06fb538945018484c7a34eba5d89","parentId":null,"modified":1717784023514,"created":1717634793479,"name":"Loja","description":"","scope":"collection","_type":"workspace"},{"_id":"req_a10ce6a826f44e088cb001d07f22cbf9","parentId":"fld_81c49758179645dfb723867a0ce32016","modified":1718841292960,"created":1717800915311,"url":"http://localhost:3333/produto","name":"Listar produtos","description":"","method":"GET","body":{"mimeType":"application/json","text":""},"preRequestScript":"","parameters":[],"headers":[{"name":"Content-Type","value":"application/json"},{"name":"User-Agent","value":"insomnia/9.2.0"}],"authentication":{},"metaSortKey":-1717805760873,"isPrivate":false,"pathParameters":[],"settingStoreCookies":true,"settingSendCookies":true,"settingDisableRenderRequestBody":false,"settingEncodeUrl":true,"settingRebuildPath":true,"settingFollowRedirects":"global","_type":"request"},{"_id":"req_fb381f848f6041a3985e499d8157a7ea","parentId":"fld_81c49758179645dfb723867a0ce32016","modified":1718842279701,"created":1717800848669,"url":"http://localhost:3333/produto","name":"Criar produto","description":"","method":"POST","body":{"mimeType":"application/json","text":"{\n  \"nome_produto\": \"Calça Jeans\",\n  \"tamanho\": \"P\",\n  \"cor\": \"Preta\",\n  \"preco\": 179.99,\n  \"quantidade_em_estoque\": 30\n}\n"},"preRequestScript":"","parameters":[],"headers":[{"name":"Content-Type","value":"application/json"},{"name":"User-Agent","value":"insomnia/9.2.0"}],"authentication":{},"metaSortKey":-1717805760773,"isPrivate":false,"pathParameters":[],"settingStoreCookies":true,"settingSendCookies":true,"settingDisableRenderRequestBody":false,"settingEncodeUrl":true,"settingRebuildPath":true,"settingFollowRedirects":"global","_type":"request"},{"_id":"req_e070fd02ad7f4aca8ef185cccaede43a","parentId":"fld_81c49758179645dfb723867a0ce32016","modified":1718843108537,"created":1717800954413,"url":"http://localhost:3333/produto/4","name":"Obter Produto por ID","description":"","method":"GET","body":{},"preRequestScript":"","parameters":[],"headers":[{"name":"User-Agent","value":"insomnia/9.2.0"}],"authentication":{},"metaSortKey":-1717805760673,"isPrivate":false,"pathParameters":[],"settingStoreCookies":true,"settingSendCookies":true,"settingDisableRenderRequestBody":false,"settingEncodeUrl":true,"settingRebuildPath":true,"settingFollowRedirects":"global","_type":"request"},{"_id":"req_4c43b640a85143c7adc76af3e7db1943","parentId":"fld_81c49758179645dfb723867a0ce32016","modified":1717805760737,"created":1717800972857,"url":"http://localhost:3333/produto/:id","name":"Atualizar Produto","description":"","method":"PUT","body":{"mimeType":"application/json","text":"{\n  \"nome_produto\": \"Camisa\",\n  \"tamanho\": \"M\",\n  \"cor\": \"Vermelha\",\n  \"preco\": 59.99,\n  \"quantidade_em_estoque\": 100\n}"},"preRequestScript":"","parameters":[],"headers":[{"name":"Content-Type","value":"application/json"},{"name":"User-Agent","value":"insomnia/9.2.0"}],"authentication":{},"metaSortKey":-1717805760573,"isPrivate":false,"pathParameters":[{"name":"id","value":""}],"settingStoreCookies":true,"settingSendCookies":true,"settingDisableRenderRequestBody":false,"settingEncodeUrl":true,"settingRebuildPath":true,"settingFollowRedirects":"global","_type":"request"},{"_id":"req_76082358c4854f14bcc6f3b46e5f53c3","parentId":"fld_8a19642bb9cf4a838dc6dd58b25d9bfb","modified":1718842238512,"created":1717801143878,"url":"http://localhost:3333/pedido","name":"Criar pedido","description":"","method":"POST","body":{"mimeType":"application/json","text":"{\n  \"data_do_pedido\": \"2024-04-25\",\n  \"id_cliente\": 5,\n  \"id_funcionario\": 3\n}"},"preRequestScript":"","parameters":[],"headers":[{"name":"Content-Type","value":"application/json"},{"name":"User-Agent","value":"insomnia/9.2.0"}],"authentication":{},"metaSortKey":-1717805730029,"isPrivate":false,"pathParameters":[],"settingStoreCookies":true,"settingSendCookies":true,"settingDisableRenderRequestBody":false,"settingEncodeUrl":true,"settingRebuildPath":true,"settingFollowRedirects":"global","_type":"request"},{"_id":"fld_8a19642bb9cf4a838dc6dd58b25d9bfb","parentId":"wrk_7b6a06fb538945018484c7a34eba5d89","modified":1717805723370,"created":1717805723370,"name":"Pedido","description":"","environment":{},"environmentPropertyOrder":null,"metaSortKey":-1717805723370,"_type":"request_group"},{"_id":"req_4c5cbd48a8c24761a2a54f8d1122060e","parentId":"fld_8a19642bb9cf4a838dc6dd58b25d9bfb","modified":1717805739549,"created":1717801165404,"url":"http://localhost:3333/pedido/:id","name":"Obter pedido por id","description":"","method":"GET","body":{},"preRequestScript":"","parameters":[],"headers":[{"name":"User-Agent","value":"insomnia/9.2.0"}],"authentication":{},"metaSortKey":-1717805729929,"isPrivate":false,"pathParameters":[{"name":"id","value":""}],"settingStoreCookies":true,"settingSendCookies":true,"settingDisableRenderRequestBody":false,"settingEncodeUrl":true,"settingRebuildPath":true,"settingFollowRedirects":"global","_type":"request"},{"_id":"req_53bf3a9485404b69b2a125cb24159a75","parentId":"fld_8a19642bb9cf4a838dc6dd58b25d9bfb","modified":1717805737781,"created":1717801155161,"url":"http://localhost:3333/pedido","name":"Listar pedido","description":"","method":"GET","body":{},"preRequestScript":"","parameters":[],"headers":[{"name":"User-Agent","value":"insomnia/9.2.0"}],"authentication":{},"metaSortKey":-1717805729829,"isPrivate":false,"pathParameters":[],"settingStoreCookies":true,"settingSendCookies":true,"settingDisableRenderRequestBody":false,"settingEncodeUrl":true,"settingRebuildPath":true,"settingFollowRedirects":"global","_type":"request"},{"_id":"req_8faf05731f384921b181e6faac755f0a","parentId":"fld_8a19642bb9cf4a838dc6dd58b25d9bfb","modified":1717805731931,"created":1717801185983,"url":"http://localhost:3333/pedido/:id","name":"Atualizar pedido","description":"","method":"PUT","body":{"mimeType":"application/json","text":"{\n  \"data_do_pedido\": \"2024-06-06\",\n  \"id_cliente\": 2,\n  \"id_funcionario\": 2\n}"},"preRequestScript":"","parameters":[],"headers":[{"name":"Content-Type","value":"application/json"},{"name":"User-Agent","value":"insomnia/9.2.0"}],"authentication":{},"metaSortKey":-1717805729729,"isPrivate":false,"pathParameters":[{"name":"id","value":""}],"settingStoreCookies":true,"settingSendCookies":true,"settingDisableRenderRequestBody":false,"settingEncodeUrl":true,"settingRebuildPath":true,"settingFollowRedirects":"global","_type":"request"},{"_id":"req_a0e6ad7a1ad94ce780639a88783acce6","parentId":"fld_8a19642bb9cf4a838dc6dd58b25d9bfb","modified":1717805729769,"created":1717801207757,"url":"http://localhost:3333/pedido/:id","name":"Deletar pedido","description":"","method":"DELETE","body":{},"preRequestScript":"","parameters":[],"headers":[{"name":"User-Agent","value":"insomnia/9.2.0"}],"authentication":{},"metaSortKey":-1717805729629,"isPrivate":false,"pathParameters":[{"name":"id","value":""}],"settingStoreCookies":true,"settingSendCookies":true,"settingDisableRenderRequestBody":false,"settingEncodeUrl":true,"settingRebuildPath":true,"settingFollowRedirects":"global","_type":"request"},{"_id":"req_4954cdcacdf14b849646084ea321f34e","parentId":"fld_6b431d59f52a43a988139b8ec3591c8a","modified":1717805708467,"created":1717801677353,"url":"http://localhost:3333/item/:id","name":"Obter item por id","description":"","method":"GET","body":{},"preRequestScript":"","parameters":[],"headers":[{"name":"User-Agent","value":"insomnia/9.2.0"}],"authentication":{},"metaSortKey":-1717805693494,"isPrivate":false,"pathParameters":[{"name":"id","value":""}],"settingStoreCookies":true,"settingSendCookies":true,"settingDisableRenderRequestBody":false,"settingEncodeUrl":true,"settingRebuildPath":true,"settingFollowRedirects":"global","_type":"request"},{"_id":"fld_6b431d59f52a43a988139b8ec3591c8a","parentId":"wrk_7b6a06fb538945018484c7a34eba5d89","modified":1717805688967,"created":1717805688967,"name":"Item","description":"","environment":{},"environmentPropertyOrder":null,"metaSortKey":-1717805688967,"_type":"request_group"},{"_id":"req_572e9022ff15408a8167d2b36193250c","parentId":"fld_6b431d59f52a43a988139b8ec3591c8a","modified":1717805705291,"created":1717801675728,"url":"http://localhost:3333/item","name":"Listar item","description":"","method":"GET","body":{},"preRequestScript":"","parameters":[],"headers":[{"name":"User-Agent","value":"insomnia/9.2.0"}],"authentication":{},"metaSortKey":-1717805693394,"isPrivate":false,"pathParameters":[],"settingStoreCookies":true,"settingSendCookies":true,"settingDisableRenderRequestBody":false,"settingEncodeUrl":true,"settingRebuildPath":true,"settingFollowRedirects":"global","_type":"request"},{"_id":"req_f41d69c5f76f4cb1919d2614e6b2349c","parentId":"fld_6b431d59f52a43a988139b8ec3591c8a","modified":1718842193326,"created":1717801655494,"url":"http://localhost:3333/item","name":"Criar item","description":"","method":"POST","body":{"mimeType":"application/json","text":"{\n  \"id_pedido\": 5,\n  \"id_produto\": 4,\n  \"quantidade\": 30,\n  \"preco_unitario\": 50\n}\n"},"preRequestScript":"","parameters":[],"headers":[{"name":"Content-Type","value":"application/json"},{"name":"User-Agent","value":"insomnia/9.2.0"}],"authentication":{},"metaSortKey":-1717805693294,"isPrivate":false,"pathParameters":[],"settingStoreCookies":true,"settingSendCookies":true,"settingDisableRenderRequestBody":false,"settingEncodeUrl":true,"settingRebuildPath":true,"settingFollowRedirects":"global","_type":"request"},{"_id":"req_e8165a48081141d39fd77308f543e3dd","parentId":"fld_6b431d59f52a43a988139b8ec3591c8a","modified":1717805695155,"created":1717801679315,"url":"http://localhost:3333/item/:id","name":"Atualizar item","description":"","method":"PUT","body":{},"preRequestScript":"","parameters":[],"headers":[{"name":"User-Agent","value":"insomnia/9.2.0"}],"authentication":{},"metaSortKey":-1717805693194,"isPrivate":false,"pathParameters":[{"name":"id","value":""}],"settingStoreCookies":true,"settingSendCookies":true,"settingDisableRenderRequestBody":false,"settingEncodeUrl":true,"settingRebuildPath":true,"settingFollowRedirects":"global","_type":"request"},{"_id":"req_6db6d6aabf3349b48f212db6b0bda8d3","parentId":"fld_6b431d59f52a43a988139b8ec3591c8a","modified":1717805693209,"created":1717801680505,"url":"http://localhost:3333/item/:id","name":"Deletar item","description":"","method":"DELETE","body":{},"preRequestScript":"","parameters":[],"headers":[{"name":"User-Agent","value":"insomnia/9.2.0"}],"authentication":{},"metaSortKey":-1717805693094,"isPrivate":false,"pathParameters":[{"name":"id","value":""}],"settingStoreCookies":true,"settingSendCookies":true,"settingDisableRenderRequestBody":false,"settingEncodeUrl":true,"settingRebuildPath":true,"settingFollowRedirects":"global","_type":"request"},{"_id":"req_c378bd7690124478ac6f1ed2da750cc2","parentId":"fld_d7f55c68af624d9a867e4f49bd1563e2","modified":1717805678070,"created":1717804823842,"url":"http://localhost:3333/funcionario","name":"Deletar funcionario","description":"","method":"DELETE","body":{},"preRequestScript":"","parameters":[],"headers":[{"name":"User-Agent","value":"insomnia/9.2.0"}],"authentication":{},"metaSortKey":-1717805669536,"isPrivate":false,"pathParameters":[],"settingStoreCookies":true,"settingSendCookies":true,"settingDisableRenderRequestBody":false,"settingEncodeUrl":true,"settingRebuildPath":true,"settingFollowRedirects":"global","_type":"request"},{"_id":"fld_d7f55c68af624d9a867e4f49bd1563e2","parentId":"wrk_7b6a06fb538945018484c7a34eba5d89","modified":1717805654002,"created":1717805654002,"name":"Funcionario","description":"","environment":{},"environmentPropertyOrder":null,"metaSortKey":-1717805654003,"_type":"request_group"},{"_id":"req_d7c8988a78fa4cc487bdb98e66ab5282","parentId":"fld_d7f55c68af624d9a867e4f49bd1563e2","modified":1717805676571,"created":1717804822154,"url":"http://localhost:3333/funcionario","name":"Atualizar funcionario","description":"","method":"PUT","body":{},"preRequestScript":"","parameters":[],"headers":[{"name":"User-Agent","value":"insomnia/9.2.0"}],"authentication":{},"metaSortKey":-1717805669436,"isPrivate":false,"pathParameters":[],"settingStoreCookies":true,"settingSendCookies":true,"settingDisableRenderRequestBody":false,"settingEncodeUrl":true,"settingRebuildPath":true,"settingFollowRedirects":"global","_type":"request"},{"_id":"req_04f8066a09fa4b77b90102010c49bc82","parentId":"fld_d7f55c68af624d9a867e4f49bd1563e2","modified":1718843275585,"created":1717804803932,"url":"http://localhost:3333/funcionario","name":"Criar funcionario","description":"","method":"POST","body":{"mimeType":"application/json","text":"{\n  \"nome\": \"Camila Limmmnmma\",\n  \"cargo\": \"Engenheira de Dados\",\n  \"telefone\": \"777888999\",\n  \"email\": \"camila.lima@example.com\"\n}\n"},"preRequestScript":"","parameters":[],"headers":[{"name":"Content-Type","value":"application/json"},{"name":"User-Agent","value":"insomnia/9.2.0"}],"authentication":{},"metaSortKey":-1717805669336,"isPrivate":false,"pathParameters":[],"settingStoreCookies":true,"settingSendCookies":true,"settingDisableRenderRequestBody":false,"settingEncodeUrl":true,"settingRebuildPath":true,"settingFollowRedirects":"global","_type":"request"},{"_id":"req_3fe7d7ea63e149ac8eee8605ffbc1110","parentId":"fld_d7f55c68af624d9a867e4f49bd1563e2","modified":1717805673275,"created":1717804814028,"url":"http://localhost:3333/funcionario","name":"Obter funcionario por id","description":"","method":"GET","body":{},"preRequestScript":"","parameters":[],"headers":[{"name":"User-Agent","value":"insomnia/9.2.0"}],"authentication":{},"metaSortKey":-1717805669236,"isPrivate":false,"pathParameters":[],"settingStoreCookies":true,"settingSendCookies":true,"settingDisableRenderRequestBody":false,"settingEncodeUrl":true,"settingRebuildPath":true,"settingFollowRedirects":"global","_type":"request"},{"_id":"req_4a8b9d9b33fe47c0a994ef1cb124bc88","parentId":"fld_d7f55c68af624d9a867e4f49bd1563e2","modified":1718841787108,"created":1717804811107,"url":"http://localhost:3333/funcionario/1","name":"Listar funcionario","description":"","method":"GET","body":{"mimeType":"application/json","text":""},"preRequestScript":"","parameters":[],"headers":[{"name":"Content-Type","value":"application/json"},{"name":"User-Agent","value":"insomnia/9.2.0"}],"authentication":{},"metaSortKey":-1717805669136,"isPrivate":false,"pathParameters":[],"settingStoreCookies":true,"settingSendCookies":true,"settingDisableRenderRequestBody":false,"settingEncodeUrl":true,"settingRebuildPath":true,"settingFollowRedirects":"global","_type":"request"},{"_id":"req_6b7c20706c7040b89cabf5243726ccf7","parentId":"fld_49467f2b4b48475bab023839d7249ee0","modified":1717805640179,"created":1717805146008,"url":"http://localhost:3333/fornecedor","name":"Atualizar fornecedor","description":"","method":"PUT","body":{},"preRequestScript":"","parameters":[],"headers":[{"name":"User-Agent","value":"insomnia/9.2.0"}],"authentication":{},"metaSortKey":-1717805631168,"isPrivate":false,"pathParameters":[],"settingStoreCookies":true,"settingSendCookies":true,"settingDisableRenderRequestBody":false,"settingEncodeUrl":true,"settingRebuildPath":true,"settingFollowRedirects":"global","_type":"request"},{"_id":"fld_49467f2b4b48475bab023839d7249ee0","parentId":"wrk_7b6a06fb538945018484c7a34eba5d89","modified":1717805593029,"created":1717805593029,"name":"Fornecedor","description":"","environment":{},"environmentPropertyOrder":null,"metaSortKey":-1717805593030,"_type":"request_group"},{"_id":"req_f47fb65ea4ac41458c360eda1bb5312d","parentId":"fld_49467f2b4b48475bab023839d7249ee0","modified":1717805638499,"created":1717805143805,"url":"http://localhost:3333/fornecedor","name":"Listar fornecedor","description":"","method":"GET","body":{},"preRequestScript":"","parameters":[],"headers":[{"name":"User-Agent","value":"insomnia/9.2.0"}],"authentication":{},"metaSortKey":-1717805631068,"isPrivate":false,"pathParameters":[],"settingStoreCookies":true,"settingSendCookies":true,"settingDisableRenderRequestBody":false,"settingEncodeUrl":true,"settingRebuildPath":true,"settingFollowRedirects":"global","_type":"request"},{"_id":"req_0042abe39e614a9093ce26eb0eca8890","parentId":"fld_49467f2b4b48475bab023839d7249ee0","modified":1718842351420,"created":1717805138564,"url":"http://localhost:3333/fornecedor","name":"Criar fornecedor","description":"","method":"POST","body":{"mimeType":"application/json","text":"{\n  \"nome\": \"Fornecedor CDB\",\n  \"endereco\": \"Rua 1987, Bairro DFG\",\n  \"telefone\": \"98765465401\",\n  \"email\": \"contato@CDB.com\"\n}"},"preRequestScript":"","parameters":[],"headers":[{"name":"Content-Type","value":"application/json"},{"name":"User-Agent","value":"insomnia/9.2.0"}],"authentication":{},"metaSortKey":-1717805630968,"isPrivate":false,"pathParameters":[],"settingStoreCookies":true,"settingSendCookies":true,"settingDisableRenderRequestBody":false,"settingEncodeUrl":true,"settingRebuildPath":true,"settingFollowRedirects":"global","_type":"request"},{"_id":"req_49d792b5f8404f0ebe3695f7a96e968f","parentId":"fld_49467f2b4b48475bab023839d7249ee0","modified":1717805632763,"created":1717805147843,"url":"http://localhost:3333/fornecedor","name":"Deletar fornecedor","description":"","method":"DELETE","body":{},"preRequestScript":"","parameters":[],"headers":[{"name":"User-Agent","value":"insomnia/9.2.0"}],"authentication":{},"metaSortKey":-1717805630868,"isPrivate":false,"pathParameters":[],"settingStoreCookies":true,"settingSendCookies":true,"settingDisableRenderRequestBody":false,"settingEncodeUrl":true,"settingRebuildPath":true,"settingFollowRedirects":"global","_type":"request"},{"_id":"req_6bab0578270442b9aa75a5c71007103b","parentId":"fld_49467f2b4b48475bab023839d7249ee0","modified":1717805630880,"created":1717805144926,"url":"http://localhost:3333/fornecedor","name":"Obter fornecedor por id","description":"","method":"GET","body":{},"preRequestScript":"","parameters":[],"headers":[{"name":"User-Agent","value":"insomnia/9.2.0"}],"authentication":{},"metaSortKey":-1717805630768,"isPrivate":false,"pathParameters":[],"settingStoreCookies":true,"settingSendCookies":true,"settingDisableRenderRequestBody":false,"settingEncodeUrl":true,"settingRebuildPath":true,"settingFollowRedirects":"global","_type":"request"},{"_id":"req_96d70a2de6d649ab998fe00ae8fcf233","parentId":"fld_98f7c18d6e1f43a490c455ceff515212","modified":1717805844179,"created":1717805392336,"url":"http://localhost:3333/compra/:id","name":"Delete compra","description":"","method":"DELETE","body":{},"preRequestScript":"","parameters":[],"headers":[{"name":"User-Agent","value":"insomnia/9.2.0"}],"authentication":{},"metaSortKey":-1717805546316,"isPrivate":false,"pathParameters":[{"name":"id","value":""}],"settingStoreCookies":true,"settingSendCookies":true,"settingDisableRenderRequestBody":false,"settingEncodeUrl":true,"settingRebuildPath":true,"settingFollowRedirects":"global","_type":"request"},{"_id":"fld_98f7c18d6e1f43a490c455ceff515212","parentId":"wrk_7b6a06fb538945018484c7a34eba5d89","modified":1717805533363,"created":1717805533363,"name":"Compra","description":"","environment":{},"environmentPropertyOrder":null,"metaSortKey":-1717805533364,"_type":"request_group"},{"_id":"req_0c14558e56814cc88ef0df4f58c46fa3","parentId":"fld_98f7c18d6e1f43a490c455ceff515212","modified":1717805839309,"created":1717805391328,"url":"http://localhost:3333/compra/:id","name":"Atualizar compra","description":"","method":"PUT","body":{},"preRequestScript":"","parameters":[],"headers":[{"name":"User-Agent","value":"insomnia/9.2.0"}],"authentication":{},"metaSortKey":-1717805546216,"isPrivate":false,"pathParameters":[{"name":"id","value":""}],"settingStoreCookies":true,"settingSendCookies":true,"settingDisableRenderRequestBody":false,"settingEncodeUrl":true,"settingRebuildPath":true,"settingFollowRedirects":"global","_type":"request"},{"_id":"req_725913f2e9d748969f3326d968ba207a","parentId":"fld_98f7c18d6e1f43a490c455ceff515212","modified":1718843054313,"created":1717805390157,"url":"http://localhost:3333/compra/4","name":"Obter compra por id","description":"","method":"GET","body":{},"preRequestScript":"","parameters":[],"headers":[{"name":"User-Agent","value":"insomnia/9.2.0"}],"authentication":{},"metaSortKey":-1717805546116,"isPrivate":false,"pathParameters":[],"settingStoreCookies":true,"settingSendCookies":true,"settingDisableRenderRequestBody":false,"settingEncodeUrl":true,"settingRebuildPath":true,"settingFollowRedirects":"global","_type":"request"},{"_id":"req_0e63298e8ca84f85a2e82c5d2a0ca786","parentId":"fld_98f7c18d6e1f43a490c455ceff515212","modified":1718825092914,"created":1717805388868,"url":"http://localhost:3333/compra","name":"Listar compras","description":"","method":"GET","body":{},"preRequestScript":"","parameters":[],"headers":[{"name":"User-Agent","value":"insomnia/9.2.0"}],"authentication":{},"metaSortKey":-1717805546016,"isPrivate":false,"pathParameters":[],"settingStoreCookies":true,"settingSendCookies":true,"settingDisableRenderRequestBody":false,"settingEncodeUrl":true,"settingRebuildPath":true,"settingFollowRedirects":"global","_type":"request"},{"_id":"req_6926a2577268435c9e41b32954f241d0","parentId":"fld_98f7c18d6e1f43a490c455ceff515212","modified":1718843022838,"created":1717805384869,"url":"http://localhost:3333/compra","name":"Criar compra","description":"","method":"POST","body":{"mimeType":"application/json","text":"{\n  \"data_da_compra\": \"2023-11-20\",\n  \"id_fornecedor\": 3,\n  \"id_produto\": 5,\n  \"quantidade\": 10,\n  \"preco_unitario\": 179.99\n}"},"preRequestScript":"","parameters":[],"headers":[{"name":"Content-Type","value":"application/json"},{"name":"User-Agent","value":"insomnia/9.2.0"}],"authentication":{},"metaSortKey":-1717805545916,"isPrivate":false,"pathParameters":[],"settingStoreCookies":true,"settingSendCookies":true,"settingDisableRenderRequestBody":false,"settingEncodeUrl":true,"settingRebuildPath":true,"settingFollowRedirects":"global","_type":"request"},{"_id":"req_b910341ba64a4ba69dc311d97e21999b","parentId":"fld_a36354c00a9041f69f67faad32b26395","modified":1717805799713,"created":1717799637968,"url":"http://localhost:3333/cliente","name":"Listar cliente","description":"","method":"GET","body":{},"preRequestScript":"","parameters":[],"headers":[{"name":"User-Agent","value":"insomnia/9.2.0"}],"authentication":{},"metaSortKey":-1717805484283,"isPrivate":false,"pathParameters":[],"settingStoreCookies":true,"settingSendCookies":true,"settingDisableRenderRequestBody":false,"settingEncodeUrl":true,"settingRebuildPath":true,"settingFollowRedirects":"global","_type":"request"},{"_id":"fld_a36354c00a9041f69f67faad32b26395","parentId":"wrk_7b6a06fb538945018484c7a34eba5d89","modified":1717805442031,"created":1717805442031,"name":"Cliente","description":"","environment":{},"environmentPropertyOrder":null,"metaSortKey":-1717805442032,"_type":"request_group"},{"_id":"req_4e27cb1d66d949e9804fbbc79024b4ee","parentId":"fld_a36354c00a9041f69f67faad32b26395","modified":1717805797865,"created":1717799682403,"url":"http://localhost:3333/cliente/1","name":"Obter cliente por id","description":"","method":"GET","body":{},"preRequestScript":"","parameters":[],"headers":[{"name":"User-Agent","value":"insomnia/9.2.0"}],"authentication":{},"metaSortKey":-1717805484183,"isPrivate":false,"pathParameters":[],"settingStoreCookies":true,"settingSendCookies":true,"settingDisableRenderRequestBody":false,"settingEncodeUrl":true,"settingRebuildPath":true,"settingFollowRedirects":"global","_type":"request"},{"_id":"req_d22061861a264a37a6b7d7bcd12598fc","parentId":"fld_a36354c00a9041f69f67faad32b26395","modified":1717805796160,"created":1717800721562,"url":"http://localhost:3333/cliente/1","name":"Deletar cliente","description":"","method":"DELETE","body":{},"preRequestScript":"","parameters":[],"headers":[{"name":"User-Agent","value":"insomnia/9.2.0"}],"authentication":{},"metaSortKey":-1717805484083,"isPrivate":false,"pathParameters":[],"settingStoreCookies":true,"settingSendCookies":true,"settingDisableRenderRequestBody":false,"settingEncodeUrl":true,"settingRebuildPath":true,"settingFollowRedirects":"global","_type":"request"},{"_id":"req_800c29a79a3e4b19a0857098cc3ef770","parentId":"fld_a36354c00a9041f69f67faad32b26395","modified":1717805792500,"created":1717799813900,"url":"http://localhost:3333/cliente/1","name":"Atualizar cliente","description":"","method":"PUT","body":{},"preRequestScript":"","parameters":[],"headers":[{"name":"User-Agent","value":"insomnia/9.2.0"}],"authentication":{},"metaSortKey":-1717805483983,"isPrivate":false,"pathParameters":[],"settingStoreCookies":true,"settingSendCookies":true,"settingDisableRenderRequestBody":false,"settingEncodeUrl":true,"settingRebuildPath":true,"settingFollowRedirects":"global","_type":"request"},{"_id":"req_9bf5be1b88864ca5a1dc6fe2b490b526","parentId":"fld_a36354c00a9041f69f67faad32b26395","modified":1718842621109,"created":1717784074011,"url":"http://localhost:3333/cliente","name":"criar Cliente","description":"","method":"POST","body":{"mimeType":"application/json","text":"{\n  \"nome\": \"Maria Rodrigues\",\n  \"endereco\": \"Rua das Árvores, 890\",\n  \"telefone\": \"777888999\",\n  \"email\": \"maria.rodrigues@example.com\"\n}\n"},"preRequestScript":"","parameters":[{"id":"pair_4b82bf03267c44cd88bb050de12fa69c","name":"","value":"","description":""}],"headers":[{"name":"Content-Type","value":"application/json"},{"name":"User-Agent","value":"insomnia/9.2.0"}],"authentication":{},"metaSortKey":-1717805483883,"isPrivate":false,"pathParameters":[],"settingStoreCookies":true,"settingSendCookies":true,"settingDisableRenderRequestBody":false,"settingEncodeUrl":true,"settingRebuildPath":true,"settingFollowRedirects":"global","_type":"request"},{"_id":"env_f6d2389af3481981d9551df588eb5d44225e8ea2","parentId":"wrk_7b6a06fb538945018484c7a34eba5d89","modified":1717799347027,"created":1717634793483,"name":"Base Environment","data":{"base_url":"http://localhost:3333"},"dataPropertyOrder":{"&":["base_url"]},"color":null,"isPrivate":false,"metaSortKey":1717634793483,"_type":"environment"},{"_id":"jar_f6d2389af3481981d9551df588eb5d44225e8ea2","parentId":"wrk_7b6a06fb538945018484c7a34eba5d89","modified":1717784024016,"created":1717784024016,"name":"Default Jar","cookies":[],"_type":"cookie_jar"}]}